{
  "version": "0.2",
  "words": [
    "aaabaab",
    "aabb",
    "aabba",
    "aabbaa",
    "aabbaabb",
    "aabbaabbab",
    "abbaa",
    "abourget",
    "absurl",
    "adoc",
    "algolia",
    "allowfullscreen",
    "ananke",
    "anchorize",
    "anthonyfok",
    "asciidoctor",
    "attrlink",
    "azblob",
    "baseof",
    "bbaa",
    "bcde",
    "bcdef",
    "beevelop",
    "Bergevin",
    "bibtex",
    "Bjørn",
    "blackfriday",
    "blogue",
    "bogem",
    "Bootcamp",
    "brlink",
    "Brotli",
    "Browsersync",
    "canonicalization",
    "canonify",
    "Catmull",
    "Catwoman",
    "changefreq",
    "Cheatsheet",
    "choco",
    "chromastyles",
    "clockoon",
    "Cloudinary",
    "CNAME",
    "Codecademy's",
    "CODEOWNERS",
    "Coen",
    "Commento",
    "Cond",
    "contentdir",
    "Contentful",
    "Copr",
    "copyrighthtml",
    "corejs",
    "countrunes",
    "countwords",
    "crossreferences",
    "daftaupe",
    "datatable",
    "DATOCMS",
    "debugconfig",
    "defang",
    "Deindent",
    "DELIM",
    "dhersam",
    "digitalcraftsman",
    "Disqus",
    "Dmdh",
    "doas",
    "dokuwiki",
    "dpkg",
    "DRING",
    "Eiqc",
    "Eliott",
    "embeddable",
    "Emojify",
    "Enwrite",
    "eopkg",
    "eparis",
    "errorf",
    "erroridf",
    "esbuild",
    "Evernote",
    "Exif",
    "exitwp",
    "expirydate",
    "Feminella",
    "firstpost",
    "Flickr",
    "Formspree",
    "fpath",
    "Francia",
    "freenode",
    "frontmatter",
    "funcs",
    "funcsig",
    "Garen",
    "Garuda",
    "gcloud",
    "Getenv",
    "getjson",
    "getpage",
    "Gitee",
    "Gmfc",
    "Goel",
    "Gohugo",
    "gohugoio",
    "goldenbridge",
    "Goldmark",
    "gomodules",
    "GOPATH",
    "govendor",
    "Gowans",
    "Grayscale",
    "Gregor",
    "Gruber",
    "gtag",
    "gvfs",
    "hidecaption",
    "hmac",
    "Hokus",
    "hola",
    "hügó",
    "hugodeps",
    "hugodoc",
    "Hugofy",
    "hugolang",
    "hugoversion",
    "Hyas",
    "Hyvor",
    "iframes",
    "ifttt",
    "iife",
    "imgproc",
    "importr",
    "IMWQ",
    "indice",
    "innershortcode",
    "Intelli",
    "interdoc",
    "IPTC",
    "ismenucurrent",
    "Isset",
    "Isso",
    "Jaco",
    "JIRN",
    "johnpatitucci",
    "Joomla",
    "JRBR",
    "jsonify",
    "Karmada",
    "katex",
    "keycdn",
    "KEYVALS",
    "kubernetes",
    "Kubuntu",
    "Lanczos",
    "langformatnumber",
    "lastmod",
    "libwebp",
    "linktitle",
    "Lipi",
    "lrwxr",
    "Lubuntu",
    "maingo",
    "markdownified",
    "markdownify",
    "mathjax",
    "mdhender",
    "mdshortcode",
    "MENUENTRY",
    "mercredi",
    "Milli",
    "Mittwoch",
    "mkdir",
    "modh",
    "monokai",
    "Morling",
    "mspowerpoint",
    "Multihost",
    "Muut",
    "myclass",
    "mydeployment",
    "myindex",
    "mylayout",
    "mylogin",
    "mypage",
    "mypartials",
    "mypost",
    "mysite",
    "myspa",
    "mystyle",
    "mytextpartial",
    "mytheme",
    "NDJSON",
    "needsexample",
    "Netravali",
    "newparam",
    "Nichlas",
    "Nikhil",
    "Nikola",
    "Njjy",
    "nlist",
    "nobr",
    "nocopy",
    "Norsk",
    "nosniff",
    "NOSQL",
    "notoc",
    "novembre",
    "numfmt",
    "NUMWORKERMULTIPLIER",
    "Obhu",
    "octohug",
    "Octopress",
    "oldparam",
    "onrender",
    "opengraph",
    "OWASP",
    "Pandoc",
    "partialcached",
    "Pastorius",
    "Patitucci",
    "PCRE",
    "peaceiris",
    "Pedersen",
    "Pekka",
    "permalinkable",
    "plainify",
    "POSIX",
    "postprocess",
    "Poupin",
    "prerender",
    "println",
    "Pritchard",
    "publishdate",
    "Pygments",
    "qref",
    "querify",
    "QVOMC",
    "Racic",
    "Rclone",
    "rdwatters",
    "readfile",
    "rebinded",
    "recommendedby",
    "REDIR",
    "reftext",
    "relatedfuncs",
    "relref",
    "relurl",
    "remarkjs",
    "rgba",
    "Riku",
    "rlimit",
    "roboto",
    "rssxml",
    "rwxrwxrwx",
    "RYUGV",
    "safehtml",
    "safejs",
    "Samsa",
    "schemaorg",
    "setx",
    "Shekhar",
    "Shortcode",
    "Shortcodes",
    "signup",
    "Silvola",
    "Sindre",
    "sitemapindex",
    "sitemapxml",
    "slugorfilename",
    "Smartcrop",
    "Sobre",
    "Sprintf",
    "Startseite",
    "strconv",
    "stringifier",
    "struct",
    "structs",
    "subdir",
    "svgs",
    "symdiff",
    "Talkyard",
    "taxo",
    "taxonomyname",
    "tbody",
    "tdewolff",
    "testshortcodes",
    "thead",
    "Thinkful",
    "Tknx",
    "TLDR",
    "TMPDIR",
    "toclevels",
    "TOCSS",
    "todos",
    "tojson",
    "Tomango",
    "topologix",
    "Torikian",
    "totoml",
    "toyaml",
    "twitteruser",
    "Unmarshal",
    "unpublishdate",
    "Unsharp",
    "urlize",
    "urlset",
    "utimestamp",
    "vendored",
    "vimrc",
    "wanghc",
    "Wappalyzer",
    "warnf",
    "webp",
    "Wercker",
    "wibble",
    "wordcount",
    "workson",
    "Wowchemy",
    "wpxr",
    "Xbaabbab",
    "Xubuntu",
    "xvzf",
    "yoyoyo",
    "yunbox",
    "Zgotmpl",
    "Zorin",
    "zzbbaabb",
    "مدونتي"
  ],
  "language": "en,en-US,de,fr",
  "allowCompoundWords": true,
  "files": [
    "**/*.md"
  ],
  "ignoreRegExpList": [
    "<!-- prettier-ignore -->\\n(`{3,})\\w*\\n[\\s\\S]+?\\1",
    "\\[(\\*{2})?@\\w+?\\1\\]",
    "\\[`\\w+`\\]",
    "ve{2,}r{2,}y",
    "ve+r+y+long\\w*",
    "\\/.*?\\/",
    "\\_\\w+",
    "\\#\\w+"
  ],
  "ignorePaths": [
    ".cspell.json",
    "**/node_modules/**",
    "*.min.*",
    "**/news/*",
    "**/showcase/*"
  ],
  "useGitignore": true,
  "enabled": true
}
